,moinslog10K,n,lambda_s,rhos_cs
0,6.970538315694575,0.048207630343903185,1.0237356599280616,9124367.790049637
