,moinslog10K,n,lambda_s,rhos_cs
0,3.0291471065767266,0.22757916600429448,2.0988194370633217,8846740.054310847
