,moinslog10K,n,lambda_s,rhos_cs
0,6.968749258352545,0.20359572963816572,4.336002304748007,9917657.198824825
