,moinslog10K,n,lambda_s,rhos_cs
0,6.949658166123467,0.14421521243240829,3.910363150161712,9967314.085065184
