,moinslog10K,n,lambda_s,rhos_cs
0,6.962572091231172,0.051835956057937234,3.708298912226677,9700074.547833348
