,moinslog10K,n,lambda_s,rhos_cs
0,6.905711529553652,0.2420975034119059,3.5615050399288224,8342123.0560732875
